NAME,ADDRESS,VOTES,RATINGS,PHONENUMBER
Rathna Constuction,"No 51/25, Guhan Street Puliyurpuram, Kodambakkam, Chennai - 600024, Near Rangarajapuram Indian Bank",0,,+919444404404+917401127053
Esco Enterprises,"Old No 29 New No 1, Shenoy Nagar, Chennai - 600030, Near Skywalk, Pulla Avenue",2,3.8,+919659931504
Dhinesh Electrical and Plumbing Works,"No 18, Aringhar Anna Street, Kotturpuram, Chennai - 600085, Opp Anna Library",2,3.8,+919152187962
Global Walls,"Devi Apartments, Moorthy Street, Thirumullaivoyal, Chennai - 600062, Near Mangalam Marraige Hall",15,4.7,+919789031071+919600800885
Kuppusami Painter,"No 18/46, 58th Street Ayyapuram, K K Nagar, Chennai - 600078, Next RTO Office",1,5.0,+919092226655+919841232765
Star Painter & Decor,"No:50, MGR 1 St Street, Tvk Nagar, Peravallur-Jawahar Nagar, Chennai - 600082",2,3.5,+919152187524
Just Decors(company Closed),"No 8, ROB Street, Royapettah, Chennai - 600014, Near New College",0,,+919884138558
Anthony Construction,"No 27a, 3rd Main Road 8th Cross Street, Thiruvalluar Nagar, Kodungaiyur, Chennai - 600118, Near Murugan Koil,",3,4.7,+919152957455
Infinity Civil Works,"No, Barners Street, Mogappair East, Chennai - 600037, Opp to Amma Unavagam",2,4.5,+919094826198+919500490043
Motherland Construction,"No 2/6, Perumal Koil Street, Vichoor Post, Vichoor, Chennai - 600103, Near By Insun Jesus Church",2,3.5,+919152829082
Dhuni Homes,"No 1/180B, 2nd Street, Vandalur, Chennai - 600048, Ashatalakshmi Nagar Varatharajapuram",0,,+918939665879
Shyam Associates,"No 17, 7th Street Osh Road, Royapuram, Chennai - 600013, Near Bharathi Arts College",1,4.0,+919840859745
Sanjay Wood Works,"No 3/1, Bashiam 3rd Street, Otteri, Chennai - 600012",1,1.0,+919710476310
Selvaraj Constructions,"No 8/197, Periyarpathai Cross Street, Choolaimedu, Chennai - 600094, Near Fish Market",8,4.6,+919382887981
Black And White Enterprises,"No 3, F-Block, Giriappa Road, Giriappa Road, T Nagar, Chennai - 600017, Cloud nine hospital",3,4.7,04428154004+919840509850+919940340420
Pave Painters,"No 21A, Kumaran Street, Ambattur, Chennai - 600053, Behind Immanuel School",2,4.8,+919152164399
Colourful Solutions,"No 12/24, 2nd Street Janaki Raman Colony Extension, Arumbakkam, Chennai - 600106, Near Jai Nagar SBI Bank",14,4.3,+919884647689+919843928923
Shalom Colours And Wood Finishing Service,"No 23/52 Sheakilar Street, Okkiyam Thoraipakkam, Chennai - 600097, Near Indian Bank",2,4.8,+919152441446
Ashok interiors,"No:16/222, 1st floor, Prakasam Salai, Broadway, Chennai - 600001, Near broadway theater",3,4.3,+917200031126+919043629583
Enviro Builders,"Kgs Apoorva, E Block, f7, Gangai Amman Nagar, Mogappair West, Chennai - 600037, Near Moogambigai Dental Collgge,near Sai Baba Temple",3,5.0,04443579269+919655355849+919384384884
ROCK STONE Consultants,"No 129, Viruthambal Flat, Shop No 8, Melpatti ponnappa street, Perambur, Chennai - 600011, Near Relince Fresh & Revathi Readymades",9,4.8,+919152311863
Shree Ram Glass,"No 10, T K Mudali Street, Kannappar Thidal-Choolai, Chennai - 600112, Opposite to B4 Police Station",17,4.0,+919152215520
Nandu Cool Touch And Engineering,"No 25, E Block, Pushpa Nagar, Nungambakkam, Chennai - 600034, Near Vallur Kootam",0,,+919941785215+917200861886
Diamond Hardware,"No:34/108, Gangai Amman Koil Street, Vadapalani, Chennai - 600026, Near Swimming Pool",1,4.5,04424880925+917299997272
Wood Works Contractor,"No : 14, 20th Cross Street, Shenoy Nagar, Chennai - 600030, Jothi Ammal Nagar,Opp Pachayappas College Opp",0,,04426442007+919444009532
AKS Painting Contractor,"No:15, East Namachivaya Puram, Choolaimedu, Chennai - 600094, Near Nungambakkam Rail Way Station",0,,+919962234441+919962888275
Ayaz Wood Work,"No 6/14, Aryan Street, Vepery, Chennai - 600007, Near Vetenary Hospital",0,,+919566880514
Ss Paintings,"new no 38 old no 50/1, pari street, Choolaimedu, Chennai - 600094, nrar by na nedum pathai",0,,+918608147552
S P N Painting,"No 2 Muthamil Nagar, 2nd Street Thenugambal Nagar, Madambakkam, Chennai - 600126, Nex Madambakkam Bus Stop",6,3.6,+919152178591
Yuvasree Painting Contractor,"No 15/9, Alagiri Nagar 1st Street, Kodambakkam, Chennai - 600024, Near Ram Theatre",3,3.3,+917904735108+918939591200
Peter Painters,"No 24, 4th Block TNHB Quarters Solambedu Main Road, Thirumullaivoyal, chennai - 600062, Near TNHB",38,4.8,+919152313264
Sri vinayagar hardware & plywood,"No.57, Sputank road, Chetpet, Chennai - 600031",0,,+917401465240
Chennai Civil Construction,"Plot.174, Justic Rathnavel Pandiyan Street, Nerkundram-Koyambedu, Chennai - 600107, Golden Jourge Nagar Near By Balji Engineering Hardware",1,5.0,+919500651851
Suresh Decorators,"No 18, Chengalvarayan, Shenoy Nagar, Chennai - 600030, Near billroth hospital",7,4.0,+919152179802
Raja Hardwares,"No 2/27, Sri Nagar Colony, Red Hills Road, Kolathur, Chennai - 600099, Near Megamart",11,4.4,04425560249+919841713434+919381004970
A S R Painting Works,"No 4 / 250, R M Veerappan Street, Perumbakkam, Chennai - 600100, Near Perumbakkam Church",3,5.0,+919152800980
Painteam,"No: 102/4, ThiruvalluvarPuram 1st street, Choolaimedu, Chennai - 600094, Near Anna Silai",3,4.8,+919941157665+918610786185
Sri Karpagam Electrical & Plumbing,"No: 2 1st Street, Venkateswara Nagar, Adyar, Chennai - 600020, Opp to Adayar Eb Office",1,5.0,+919152878381
Bharathan Painter,"No 185, 8th Street Periyar Road, T Nagar, Chennai - 600017, Near Kodambakkam Bridge, Dharmapuram",0,,+919941347461
umapathy painting contractor,"No 52, Aalaiyamman Koil Street, Teynampet, Chennai - 600018, Behind to Voltas",3,4.3,+919840239488
Butterfly Home Decors,"No 36/18, Welcome Colony, Anna Nagar West, Chennai - 600101, Near Waves Show Room",96,3.8,+919152177024
A TO Z Constructions,"5, Kalam Abbas Ali Khan 5th Street, Thousand Lights, chennai - 600006, Bsnl Office Opp 3rd Left",2,3.5,+919152317409
S M Abdulla Bhai Painting Contractor,"No 118/124, Portugal Church Street, Parrys, Chennai - 600001, Near Seven Wells & Mint Akbar Palli Vasal",1,4.0,+919790702629
Ddr Painters,"No 82, Pachayappan Naicken Street, Jafferkhanpet, Chennai - 600083, Near Kasi Theater",3,4.7,+919962647686
N R Decorators,"new No 85/24, Chetty Street, Ayanavaram, Chennai - 600023, Behind Water Tank",1,5.0,04465918567+919841044756+919445487934+919940565566+919094494498
Kanniappan Painting Contract,"No 49 Anwar Mion Garden, Adayar Bijapur, Adyar, Chennai - 600020, Near Ganapathy Theatre",1,4.5,+919884530828+919551353953
SMS Painting Contract,"133, West Namatsivaayapuram, Choolaimedu, Chennai - 600094, Opp to Chellamani & Co",0,,+919840735557
R S Interiors Works,"NO, 73/38, Kakkakjan Nagar, Aminjikarai, Chennai - 600030, Soban Babu Statue",0,,+919789997940+919551622998
Joshva Painting Contractors,"No 49, Jakir Hussain Street Salaima Nagar, Manali, Chennai - 600068, Near Ambedkar Play Ground",3,4.7,+919152865449
Lakshmi Electricals And Hardwares,"No 4, Sothupakkam mainroad, Redhills, Chennai - 600052, Near Parveen bus depot",0,,+917904885447
Rayan House Keeping Solutions,"No 24 E, Annai Theresa Street Gurusamy Nagar Extension Velacheri Main Road Gowrivakkam, Selaiyur, Chennai - 600073, Behind Prince College",41,3.3,+919444044852+919840141250
Kumar Paints,"Old no.201, New no.105, Kamarajapuram, Nungambakkam, Chennai - 600034, Nearest periyar bus stop",0,,+919094116612
S P Painters,"No 50, MGR 1st Street, Peravallur-Jawahar Nagar, Chennai - 600082, Near TVK Bus Depot & Perambur Government School, TVK Nagar",10,4.7,04426712050+917200703050+918056121313
Ganesh Plumbing Works,"No 77, 0, GKM Colony, Chennai - 600082, Venkatesan Nagar GKM Colony Near Corporation School",3,3.2,+917845583957+917904014258
lakshmi Engineering,"67, Mahalakshmi Nagar Vpj Avenue Metukuppam 5th Street, Thoraipakkam, Chennai - 600097",2,4.8,+919152937859
Chennai Wall Painting,"Ramalinga Nagar, Madipakkam, Chennai - 600091, Puzhidhivakkam",0,,+919445522255
Ragavendra Painters,"No 265, Casa Major Road, 12th Street, Shenoy Nagar, Chennai - 600030, Near Sivan Temple,T P Sathiram",1,3.5,+917092754282+919094824719
Panner Contractor,"No 27, 3rd Block Puspha Nagar, Nungambakkam, Chennai - 600034, Near ICICI Bank & Near Loyola College",1,4.0,+919677099830
Dinesh Kumar,"Nungambakkam, Chennai - 600034",0,,04442321857+919884450689
S C Interior Work,"No 4 /1 Vallalar Street, Padmanaba Nagar, Choolaimedu, Chennai - 600094, Near Gg Mahal , Mmda Bus Depo",0,,+919840580667
Augustin Painting Contractor,"No 37, Lock Street, Kilpauk, Chennai - 600010, Near Ayanavaram Esi Hospital",6,3.8,+919840199205
Suresh Decorators,"NO 18, CHENGALVARAYAN STREET, Shenoy Nagar, Chennai - 600030, Near BILLROTH HOSPITAL",7,4.0,+919152958990
Prompt Interior,"No 19, Mandapam Road, Kotturpuram, Chennai - 600085, Near Railway Station",1,0.5,+919710676163
Sri Balaji Decors,"No 2/25, Mettu Street Mettu Colony, Manapakkam, Chennai - 600125, Opposite To Periya Palayathamman Koil",7,4.1,+919941833276+919176953726
Nagarajan Painting Contractor,"94 1st Avenue, E B Colony Meenambedu, Ambattur, Chennai - 600053",1,5.0,+919152428009
Lakshmi Painting Solutions,"No 101, 4th Street, Valasaravakkam, chennai - 600087, Near Ann Hospital, New Bethanya Nagar",20,4.9,+919152881283
EVJ Civil Contractor,"No 451/267, P H Road, Aminjikarai, chennai - 600030, Near Bill Roth Hospital Signal",6,4.4,+919152158165
Green Form Sheltters,"No 209, Eswaran Kovil Street, Nazarethpettai, Chennai - 600123",1,5.0,+919152964294
Sun Designs,"No 6/2, Anna Street Nehru Nagar, Velacheri, Chennai - 600042, Behind Phoneix Mall",9,4.2,+919152819743
Sri Sai Enterprises,"flat no 42, door no 12, Sathyamurthy Street Devaraj Nagar, Saligramam, Chennai - 600093, Near Sankaranarayana temple",2,3.5,+919152185847
Sabari Building Painting Contractor,"No:10/225, Iyyappan Kovil Street, Periyakolathuvacheri, Iyyappanthangal, Chennai - 600056, Opp Ramachanchara Hospital",2,3.5,+919152796749
KUTTY Painting Contractor,"No 83 H Block, Boopathi Nagar, Kodambakkam, Chennai - 600024, Power House",0,,+919941388498+918838571376
Grace False Ceiling,"No: 6, Pozhichalur Main Road, Pammal, Chennai - 600075, Opp to Pammal Municipality",2,3.8,+919152702879
Modern Constructions & Consultancy Pvt Ltd,"No 61/28, Madhavaram High Road, Perambur, Chennai - 600011, Opposite Simpson",3,4.8,+919152487051+(91)-44-25584779
G K Painting,"No 22, Singara Vellan Street, Royapuram, Chennai - 600013, Near Selva Rani Kalyana Mandapam",1,4.0,+919884293465
Non Stop Ever Cool,"No 62/2, Gangai Amman Koil Street, Vadapalani, Chennai - 600026, Opposite Ram Theatre",9,3.1,+919600698261+919043453447
Balaj Wood Work,"No 3, Kaliamman Koil Street, Virugambakkam, Chennai - 600092, Near Bus Stop",1,5.0,
Padmavathi Civil Contractor,"No 75, South Matha Street, Villivakkam, Chennai - 600049, Near Villivakkam Bus Depot",1,5.0,+919677167099+919941144884
MPK Electrical & Plumbing,"No 25, Malligeswaran Nagar 1st Street, Pallikaranai, Chennai - 600100, Near Panchayat Office",2,3.5,+919152312568
Velayutham Painting And Varnish Contractor,"No 35 F Block, Teynampet West, Chennai - 600006, Behind DMS Bus Stand, S S Puram, M K Ratha Nagar",1,4.5,+919940248024+918056251921
Abhas Electrical,"old no 327 new no 56, T H Road, Triplicane, Chennai - 600005, near adam market",0,,04428550356
Sampath Painting Work,"NO:136/65, South West Boag Road, Near Chakarbaba Ladies Hostel, T Nagar, Chennai - 600017, Palamuthirsolai Near",0,,+918608738373+919840189142
A To Z Manjula Constructions,"No:3, Vinobaji Nagar 5th Street, Hasthinapuram-Chitlapakkam, Chennai - 600064, Near Mosque",1,5.0,+919152911486
Sai Decorative Works,"No 21/1 18/1, Viswanathapuram 2nd Street, Kodambakkam, Chennai - 600024, Near To Ragevendra Kalyana Mandapam",0,,+919710094751
Nakoda Hardware,"Old no:30, New no:50, Second avenue, Ashok Nagar, Chennai - 600083, Near Lakshman Shruthi musicals",1,5.0,04424746036+919444316954+919043666374
Asik Hardwares,"New No 220 Old No 191, Purasawalkam High Road, Kilpauk, Chennai - 600010, Near to Kelly Junction",3,3.7,04442661980+918110842019+919840922217
Specmaat India,"12, Dr.Nair Road, T Nagar, Chennai - 600017",0,,04428280598
Ikhan & Co Construction,"No:12/18, Muthaiyal Street, Little Mount-Saidapet, Chennai - 600015, Near Backside Ashok Leland",0,,+917448691422+919962128895
Astral,"Old No 12, Kumarappa St, Second Floor, Nungambakkam, Chennai - 600034",0,,
Singhvi Hardwares,"No 312, Royapettah High Road, Mylapore, Chennai - 600004, Near Vidya Mandir School",17,4.2,04424980593+919841274192
Anand Building Contracter,"No 10 D, Manikandan Nagar 1 St Cross Street, Nanmangalam-Kovilambakkam, Chennai - 600129, Near Barath Petrol Bunk",1,4.5,+919152800176
Sri Painting and wood Polish,"No 130, R K Salai, Mylapore, Chennai - 600004, opp to city centre",1,5.0,+919884661392+919566531657
Narayanaswamy,"No:321/5, Kathiravan Colony, Anna Nagar, Chennai - 600040, Near By Thirumangalam Sri Devi Hospital",0,,+919710194959+919080831737
Ameer Construction,"No 639, Secretariat Colony, Thoraipakkam, Chennai - 600097, Near Secretariat Colony, Mettu Kuppam, Secretariat Colony",2,3.5,+919152931163
Hi-tech Solution,"15/32, Mirza Hyder Ali Khan Street, Royapettah, Chennai - 600014, Near Royapettah Post Office",1,5.0,+919677895547
Ashwin Decorators,"No 18/46, Ponniamman Kovil Street Ambal Nagar Extension, Kovur, Chennai - 600128, Sivan Kovil...near Tambaram Fly Over Backside",1,5.0,+919840707982
Lokesh Woodern & Painting Works,"n 63, muthamil street mmda colony, Arumbakkam, Chennai - 600106, mohan jewellery",1,4.5,+919841399529+919840352859+919176567459
Shree Mallika Construction & Interiors,"No 7 Aishwarya Complex, Duraiswamy Road, T Nagar, Chennai - 600017, Near Pothys",5,4.5,+919840615275+917448442239
KALI Enterprises,"14/06, 21 Street, Ashok Nagar, Chennai - 600083, R3 Police Station",2,5.0,+919152798684
Harish Painting Contractors,"No.206, Sholai Amman Kovil Street, Thiruvalluvar Nagar, Ayanavaram, Chennai - 600023, Nearby ESI Hospital",0,,+919840455189+919080963342
Pragadish Civil Work,"No 29 H Block, Pushpa Nagar, Nungambakkam, chennai - 600034",3,3.7,+919940568448+918838264210
Ravi Hardwares,"No.486, M.T.H road, Ambattur, Chennai - 600053, Opp. To Durable",0,,+919790945320
VIN Homes,"No A E 38, 10th Main Road, Anna Nagar, Chennai - 600040, Opposite Sundaram Medical Foundations",5,4.6,04426200811+919884094210+919444394200
P S Engineers Decorators,"No 40/5, Ramasamy Road, K K Nagar, Chennai - 600078, Upstairs Of Andhra Bank",62,4.7,+919152205607
Sru Batteries,"Shop No 2 Door No 6/321, Valaiyapathi Road, Mogappair East, Chennai - 600037, Near Boi Bank",3,4.7,+919152960047
LTA Studios,"New No 19 Old No 9, 3rd Main Road, United India Colony, Kodambakkam, Chennai - 600024, Near Fathima Matric School",33,4.1,+919152464138
Dhanalakshmi Enterprises,"No 16/8 Gurumoorthy Nagar, Perambur, Chennai - 600011, Near Thiru Vi Ka Bus Dippo",1,3.5,+919094378782+919840735153
Master Painters,"F11, DR THOMAS ROAD, Thomas road, T Nagar, Chennai - 600017, Near shivaji house",5,4.6,+919152110015
Murugan Enterprises,"#2/227, ramadoss street, Navalur, Chennai - 600130, backside of it park",2,3.5,+919152804644
Sri Amman Balaji Traders,"No 5, 1st Street, Aminjikarai, Chennai - 600030, Railway Colony Metha Nagar Bus Stop",1,5.0,04423740360
SRI Gayathri Constructions,"Old No 77 New No 205, Habibullah Road, T Nagar, Chennai - 600017, Near Kodambakkam Railway Station",1,1.0,04442122134+919789902222+919094767500
Jayam Paints,"No 2, Barathi Nagar Main Road, Nesapakkam, Chennai - 600078, Opposite Corporation School",16,4.1,+919152599439
SAI Narayan Engineers,"NO.2/1, 6th Cross Road, Thendral Nagar West, Thirumullaivoyal, Chennai - 600062, Near Venkateswara School",2,3.5,+919152858020
Sundar Depot&hardwards,"10, Shakthi Nagar, Earikari Street, Virugambakkam, Chennai - 600092, Kovil Opp",0,,+919841356095
D2m Interiors,"No 32, Thirumaliayapan Street, Purasawalkam, Chennai - 600084, Near By Saravana Stores Services",2,4.0,+919152922127
Yogeshwaran Techno Painting,"No 5570, 71St Street Kumaran Nagar OMR, Sholinganallur, Chennai - 600119, Backside Satyabama University",3,4.0,+919152374704
Gem Parc Maintainence Services,"No 1, Nageshwara Road, Nungambakkam, Chennai - 600034, Behind Nungambakkam Police Station",4,2.3,+919282212786
The Expert Painting Works,"No 422, GNT Road, Anna Nagar, Chennai - 600040, Near Bus Terminal",4,4.4,+917358752920+916381131991
Manogar Painting Contractor,"No 33, Muthumariamman Koil Street, Aminjikarai, Chennai - 600030, Near Anna Arch",3,4.7,+919566135861
Annai Maria Electrical Plumbing,"No 46A, Ashok Avenue, Kolathur, Chennai - 600099, Teachers Colony Near DRJ Hospital",3,4.7,+919176077290+919025437004
Mass Enterprisez,"No 40, Tholkappiyar Street Mgr Nagar, K K Nagar, Chennai - 600078, Near Tata Udpi Hotel",5,4.9,+919094913969+919884420920
ARS Painting Decorator,"NO:8, west namachivapuram, Choolaimedu, Chennai - 600094, Nr backside loyola backside",0,,+919941739603
Excellent Painting Works,"R P Garden Anandan Street, T Nagar, Chennai - 600017, T Nagar",1,4.0,04428144399+919840076271
Tap2Do,"No: 254, S.kolathur Main Road, Viduthalai Nagar Main Road, Kovilambakkam, Chennai - 600129, Behind Nilgris Super",7,4.7,04448585500+917358026105+918056789567+919790984703+917358773573
CAN Contractors,"NO : 1 F, Arunai Avenue, Hill View Residency, Vandalur, Chennai - 600048, Near By Vandalur Railway Station",1,5.0,+919152180258
Intext Colours,"New No 46 Old No 40 Flat No 9 Sri Parthas Apartment, Singarachari Street, Triplicane, Chennai - 600005, Opposite Ragavendra Kalyana Mandabam",2,5.0,+919380616622
DIYA Enterprises,"6 B, Kaanji Nagar Extension; Vinayagapuram, Kolathur, Chennai - 600099, Lake View Hospital Nearby; Annai Super Market Nearby",0,,+919884295125+919176057375
Iyyanar Traders,"No 11/35, Virugambakkam, Chennai - 600092",5,3.4,+919152170958
G K Sterling Interior Works,"Old No 69 New No 37, Shamunga Sudharam Street, Muthamizh Nagar, Saligramam, Chennai - 600093, Near Masudhi",3,3.7,+919444280052+919176246415
perset contractors,"No 91/5, kuttiyappan street, pumping station road, Kilpauk, Chennai - 600010, near pumping station",0,,+917401736046+919064821067
1 Roof Solutions,"No 27, Kavarai Street, Vadapalani, Chennai - 600026, Opp POST OFFICE",88,3.9,+919152957133
Iswarya Hardware,"No 1 Shop No 3, Sowrashtra Nagar 3rd Street Choolaimedu High Road, Choolaimedu, Chennai - 600094, Choolaimedu Main Road",0,,+919444514092
Sheeba Paintings,"No14/42, Dr Thomas Road, T Nagar, Chennai - 600017",0,,+919677134467+918870721001
Narmatha Hardware,"No 5/85, 1st Main Road, Porur, Chennai - 600116, Near Sbi Bank",8,4.3,04424766754+919444758676
South Star Plumbing Works,"No.27, P A Koil Street, Ayanavaram, Chennai - 600023, Near Mosque",2,5.0,+919042861252+917010397420
Sri Shasta Construction Interiors,"28, Ellaiamman Koil Street, Kotturpuram, Chennai - 600085, Near Ellaiamman Temple",2,3.5,+919152860761
ALSS Enterprises,"No 14/2, Bharathi Road, Perambur, Chennai - 600011, Opposite Bharathi Road Amma Unavagam",8,4.3,+919152187523
Best Hardware Stores,"#3, Anna M, K K Nagar, Chennai - 600078, Near M G R Market",4,3.8,+919840556773+919952967030
Agi Akshaya Painting Works,"No 23, Kannagi Street, K K Nagar West, Chennai - 600078, Near Data Udupi Hotel",36,4.5,+919152191516
Free Designs,"No 2/1406, Karpaga vinayagar nagar (*2nd main road), Vettuvankeni, Chennai - 600115, Near Adayar anadha Bhavan",2,3.5,+919152370188
Rani Ammal Work,"No 88, M S Muthu Nagar Kannigapuram, Perambur Barracks, Chennai - 600012, Near Vyasarpadi Jeeva Station",0,,+919566059155+919600131422+919841871716
Sri Karshanth Painting Works,"No 484, 16th Cross Street, T P Chartam, Kilpauk, Chennai - 600010, Kilpauk Garden Masuthi",1,4.5,+919152392495
Ahmed & Co,"No 268, Arcot Road, Kodambakkam, Chennai - 600024, Opposite Padmaram Kalyanamadapam",8,3.7,04432503495+919841176318+919884942552
Rvv Painter,"No 76, kilpauk garden, Kilpauk, Chennai - 600010, police quarters opp,kvm puram",0,,+919884651872
Palayathamman Enterprises,"no: 3/70, 2nd street, north jaganathan nager, Villivakkam, Chennai - 600049, near: ganesh medical , rail way station",2,3.5,+919152170940
Jm Technical Works,"No:118, siva vishnu koilst, Jafferkhanpet, Chennai - 600083, near kasi theater",2,5.0,+919152910728
Weldon Decors,"No, 29, S.A Colony, Kodungaiyur, Chennai - 600118, Near Amutham Nager Arch",1,5.0,+919884597370+918072586319
Ba Painting Work,"no;198, pandian street, Egmore, Chennai - 600008, BABY hospital back side",0,,+919380929747+919094172577
Bhagath Fine Finish,"K Block No:7, Pushpa Nagar, Nungambakkam, Chennai - 600034, Near By Boys High School",0,,+919444144079
BL Painting Works,"198, Thideer Nagar Greams Road, Thousand Lights, Chennai - 600006, Opposite to Apollo Hospital",0,,+919380929747+919094172577
Colorfly,"No 181/1, 4th Avenue, Anna Nagar, chennai - 600040, Kurinji Colony Opp to NIcm College",20,4.7,+919152652532
Tennagam White Wash,"No 6, 3rd Street, T Nagar, Chennai - 600017, Parthsarathipuram Near Kodambakam Bridge",0,,+919940230307
S K Colours,"No.491 G Block, New Avadi Road, Anna Nagar, Chennai - 600040, Near By Gandhi Nagar Hospital",0,,+919840169562
Excellent Painting Works,"NO 422, 2nd Avenue, Anna Nagar, Chennai - 600040, Near By Anna Adharsh College",10,4.4,+919940285492+918682079492
sri balaji construction,"NO 56/19, SATHYA MOORTHY NAGAR, Nandanam, Chennai - 600035, BEHIND RAIN TREE HOTEL",2,3.5,+919152161348
Fascinate Interiors,"No 86/133, Habibullah Road, T Nagar, Chennai - 600017, Near to HDFC Bank",4,4.3,04428344538+919176673354+919176786726+919176786730
Sree Ganapathy Painting And Wood Polish Contractor,"No 1/515, Sabapathy Nagar Vocstreet, Porur, Chennai - 600116, Little Flower Polytechnic And School",2,3.5,+919152195924
Sadhana Painting Contractor,"NO:10/5, CHOOLAIMEDU STREET, Otteri, Chennai - 600012, near by indian bank & opp to hdfc atm & opp to incash ATM",2,4.8,+918939086126+918428818242
Muniyandi Painting Contractor,"No 542, bakthavachalam colony, Vyasarpadi, Chennai - 600039, opp to muneeswaran temple",2,4.0,+918667351096
Ashirvaad Builders,"6/84, SRCM ROAD, MANAPAKKAM, Chennai - 600125, NEXT TO BABUJI MEMORIAL ASHRAM",0,,+919445048170+919943687170+918754106357
Happy Homes,"Plot No 6, Srinath Nagar Sevaram, Perungudi, Chennai - 600096, Near Perungudi Toll Plaza",1,4.0,+919152721220
Kriti Homes Private Limited,"No 1, Lake Area, Nungambakkam, Chennai - 600034",2,4.8,+919152178443
GR Painters,"No 11/11, Kambar Street, Tharamani, Chennai - 600113, Near Anjanryar Koil, Arvend School",0,,+918124079556+919962279223
A J Group And Security Service,"No 13/5, Subramaniyam Koil Street Gandhi Road, Velacheri, Chennai - 600042, Near David School",2,3.5,+919176632703+919940267309+918825730193
Mr Tool,"No 3/475 3rd Floor, Valaiyapathi Road, Mogappair East, Chennai - 600037, Near Reliance Digital Mini",48,3.6,+919152172687
Harsha Building Contractor,"Plot 4 No.21 Dr Vasudev Garden, Thiruvanmiyur, Chennai - 600041",2,3.5,+919152227041
Brooks Facility Managements,"No 2, Thangam Colony 2nd Street, Anna Nagar, Chennai - 600040, Near By Immanual Church",0,,+919566029992+919412557777
Sri Karshanth Painting Works,"No 3, Kolai Street, Kilpauk Garden, Kilpauk, Chennai - 600010, Near Masudhi",1,4.5,+918248744723+919884601935
Sabari Hardware,"No, 29/13, L.B.Road, Adyar, Chennai - 600020, Near A2B hotel",4,5.0,+918825668972
Kwality Construction,"No.8/28, 2nd Street, New Secretariat Colony, Velacheri, Chennai - 600042, Nearby Murugan Kalyana Mandapam",3,2.5,+919152199015
Homecare Solutions,"No 95, 15th Cross Street, Senthil Nagar, Kolathur, Chennai - 600099, Senthil Nagar Bus Stop",1,5.0,+919152326490
Manoharan Painters,"No 191, Choolaimedu, Chennai - 600094, East Namachivaya Puram Near Chellamani & Co",1,2.0,
Sri Balaji Traders,"Old No 80 New No 102, Tana Street, Vepery, Chennai - 600007, Near Tana Street Church",0,,+919381941951+919600140007
City Hardwares & Paints,"New No 96 Old No 66, Dr Alagappa Road, Purasawalkam, Chennai - 600084, Near Signal",1,5.0,04426610813+918012839127
Dvk Painters,"No 30 / 3, Saivam Muthai Street, Parrys, Chennai - 600001, Near By Harbour",1,4.0,+919884200358+919841139037
Regular Service,"No 8/35 Grama 1st Street, Kodambakkam High Road, Nungambakkam, Chennai - 600034, Near Palm Grove Hotel",0,,04427466045+919841077037
Saravana Hardwares,"157/6d, J. N. Road, Tiruvallur, Chennai - 602001",0,,+919789426054+919944646914
Solutions,"NO 85, 1st Main Road, Adyar, Chennai - 600020, Adyar Signal",5,4.3,+919152194693
Namo Hardware,"106, Mint Street, Sowcarpet, Chennai - 600001, Near Jain Temple",2,4.8,+919152330757
Jothi Interior Designer,"No 77, Rani Anna Nagar, Kilpauk, Chennai - 600010, Kilpauk Garden Halls Road Opposite to Cementry",0,,+919003214419+919080771990
Gm Painting,"No.2, Mangala Puram, 12th Street, Chetpet, Chennai - 600031, Near By OLD RTO Office Back Side",0,,+919710486953
Prime Interior,"1/27 Annai Indra Nagar, 1st Street, Iyyappanthangal, Chennai - 600056, Near Depot",6,4.8,+919152863376
No 1 Indian Services,"No 3/100, 100 Feet Road, Ambedkar Street, Tharamani, Chennai - 600113, Nr To TCS",3,3.7,+919152332114
Sks Painting Works,"No 612, Colletor Nagar, Poonamallee, Chennai - 600056, Temple Company",0,,+919176003677+917299227776+919176167685
Mubarak Interiors,"No 4/14, Daulath Khan Street, Ellis Road, Mount Road, Chennai - 600002, Backside Big Masjid",2,4.0,+918608975967
S.k. Pvc Doors.,"No.48, Durga road, Old Pallavaram, Chennai - 600117, Near bus stop,",1,4.5,+919551757850+919710744027
R S Santha Kumar,"No 22 Old No 47A, POnniamman KOil Street, Kotturpuram, Chennai - 600085, Opp to POnniamman Koil",1,5.0,+919382729573
Sai Promoter,"No 5/9, Chokanathan Street, Madipakkam, Chennai - 600091, Ramalinga Nagar Main Road Ram Nagar North",0,,+919789822738
Sivaramakrishnan Painting Contractor,"No 21 G Block, Kothaval Chavadi Street, Saidapet, Chennai - 600015, Near Annai Velakanni College",3,4.3,+919152924203
Frenzy Furniture & Interiors,"No 2/40, Murgesan Nayakkar Street, Karapakkam, Chennai , Near Govt School",1,5.0,+919094328484
Rohan Infratech,"No 29g1, Annapoorna Appartment, 3rd Main Road, Annapoorna Nagar, Ponniammanmedu, Chennai - 600110, Kalpana Lamp Bus Stop",2,4.5,+919152777102
Naviya Painting Contractor,"No;21/61, Nelson Manickam Road, Choolaimedu, Chennai - 600094, near chellamani & co tv showroom,near loyola college",4,4.8,+919152188031
Booshan,": 13-A, Egmore High Road, Egmore, Chennai - 600008",0,,04428237078
RCC Enterprises,"No 10, 2nd Street, Adambakkam, chennai - 600088, Shanthi Nagar Near Jayalakshmi Theatre",2,3.5,+919152584431
Sri Amman Building Works,"No 84, Gandhi Market Corporation Complex Nsk Salai, Kodambakkam, Chennai - 600024",1,4.0,+919566126190
Apple Decors,"No 15, Mpm Street, Perambur, Chennai - 600011, Near Reavthy Store",3,5.0,+919677219760+917358645900
Vigneshwaran Painting Contractor,"No.6, 6th Cross Street, Pulianthope, Chennai - 600012, Near Tb Hospital",2,3.5,+919152869464
Sai Ajay Builders,"No 25, Muthiah 1st Street, Royapettah, Chennai - 600014, Lloayds Colony",0,,+919840483351
Shalini Painting Contractor,"No:16, L Block, Ramakamathu Puram, T Nagar, Chennai - 600017, Behind Joy Alukkas",46,4.8,+919152175469
Jayalakshmi Painting Contractor,"No 4, Loganathan Street, Adyar, Chennai - 600020, Near Ganapathi Ram Theatre & Malarvathi Hospital",1,5.0,+919791267006+917550236147
Varun False Ceiling Services,"No. 26 7th Old Block, Gothamedu, Saidapet, chennai - 600015, Near to Raj Theatre",2,5.0,+919152723627
Saradha Construction,"No 5 Vadivel Street, Pasumpon Nagar, Pammal, Chennai - 600075, Near Ganesh Kalyana Mandapam",2,5.0,+919152187787
Vinoth Painter,"No 97c, Pillyar Kovil Street, Virugambakkam, Chennai - 600092",1,5.0,+919551887363
R S J M Building Contractor,"No 40/50, Pari Street Avvai Nagar, Choolaimedu, Chennai - 600094, Near 15G Bus Depot",1,4.0,+919152794837
Muralikrishnan Painting Work,"new no 92; old no 40/7, Gandhi Road, Choolaimedu, Chennai - 600094, mmda govt school",0,,+919789073227
Siva Shelterss,"No 102, Mettu Street, Ayanavaram, Chennai - 600023, Opposite to Noor Hotel",1,5.0,+919884755656+919941067134
A1 Painting Systems,"NO -1 SOURASHTRA NAGER, Near Nungambakkam Railway Station, Choolaimedu, Chennai - 600094",3,4.7,+919840928744
Saraswathi Interior,"No:4 Natarajan Street, Pasumpon Nagar, Pammal, Chennai - 600018, Near By Emmanuel School",1,5.0,+919940259472
Venkatesh Painting Works,"No.26, Chinna Thambi Ellaiamman street, Mount Road, Chennai - 600002, Near Ellis Road",0,,+919176529236
Dinesh Kumar Painting Work,"No 2b, Jeevarathinam Main Street, Ksr Nagar, Ambattur, Chennai - 600053, Backside Of Shyam Mahal",1,4.5,+919786913040+919715203147
Ishvara Enterprises,Chennai - 600026,99,4.9,+919535252252
Raj Kumar P,"No 70/8, Samayapurathamman Koil Street, Choolaimedu, Chennai - 600094, Near Radha Kalyana Mandapam",0,,+919840850676
"Dolphin Travels, Chennai","No.2, South Tour Operators, Othavadai Cross Street, Chennai - 600001",1,2.0,+919841333338
Mmm Civil Works,"No 12, North Mada Street Sri Nagar Colony, Little Mount, Chennai - 600015, Near Court Back Side",0,,+919840550356
Bhakya Painting Work,"No 25/A, Bharathiyar Street Sakthi Nagar, Padi, Chennai - 600050, Near Siva Sakthi Cinima Hall",2,3.5,+919152170915
Genesis Wall Designer,"N0 75, Cox Colony, Chindatripet, Chennai - 600002, Near Fish Market",1,4.0,+919841548494+918870587294
Devipriya Painting,"No 17, Shenoy Nagar, Chennai - 600030, Billroth Hospital",0,,+919841887974
Monica Painting,"No 72/8 arathoon Road, Royapuram, Chennai - 600013, Back Side Kalmandapam Police Station",1,5.0,+919841335859+919962318382+919551694600
Balaji Plumber Contractor,"No, 4/588, Esai Tower, Velachery Main Road, Medavakkam, Chennai - 600100, Opp to Jeychandran",2,3.5,+919152653361
Hollywood In Design,"Old No 41 New No 12 Kilpauk Garden, Mandapam Rd, Anna Nagar, Chennai - 600040, New Avadi Rd",3,4.7,+919940182955+919840212439
Siva Painting Services,"No. 55, Dr Santhosh Nagar, Koil Street, Egmore, Chennai - 600008, Near Das Prakash",0,,+919600173614
Ramans Constructions,"No.105 1 St Floor, Muthuramman Kovil Street Thulasingapuram, St Thomas Mount, Chennai - 600016, Backside Of Chennai Tradecenter",5,4.4,+919152185733
R E Engineering Company,"Flat No S 1 Plot No 9 Sinmam Avenue, Kolathur, Chennai - 600099, Opposite Bus Terminus Vinayagapuram",0,,+919790757627+919940233393
Ragavan Hardwares,"Shop no 131, Mudichur road, Mudichur, Chennai - 600048, Near axis bank atm",1,5.0,+919962188978
S S K Painting & Interiors,"No A T 1 Kamalam Apartments, Lakshmi Avenue, School Road, Kolathur, Ponniammanmedu, Chennai - 600110, Near Ganga Theatre",4,5.0,+919884411474
Excellent Enterprises,"82 Flot No 5, Othavadai Steet, Kodambakkam, Chennai - 600024, Best Hospital Near",0,,+917092480901+918124185357
IMS Engineer & Contractor,"No:96, TS Krishna Nagar, 3rd Street, Mogappair, Chennai - 600037",2,3.5,+919152612441
Thai Decorators,"No 11, 8th Street Balaji Avenue Ammbal Nagar, Mangadu, Chennai - 600122, Near Mangadu Kamatchi Amman Temple",2,3.5,+919152608001
Colour Home,"No 24/3, Elango Adigal Street, Kodambakkam, Chennai - 600024, Near Indian Gas Company, Parameshwara Colony",0,,+919444158738+919043211174
sandeep construction,"No 12, sabapthy street, Ayanavaram, Chennai - 600023, near new avadi road",1,5.0,+919789374131
Shri Murugan Hardwares & Electricals,"No:7, Arya Gowda Road, West Mambalam, Chennai - 600033, Arya Goutha Road Junction",7,3.6,0442483289804424720520+919384832898
Jai Ajay Interior Decorators,"Plot No.7, Shri Bharathi Nagar, Veerapuram Main Road, Vellanur, Avadi, Chennai - 600062, Near Vel Tech College",2,3.5,+919152522557
Colour Rays,"No 11/345, Kannadhasan Salai, Mogappair East, Chennai - 600037, Back Side Velammal School",6,4.8,+919152181906
Sabari Interiors,"No 80, 5th Cross Street, Shenoy Nagar, Chennai - 600030, Behind K6 Police Station, Jyothi Ammal Nagar",0,,+919025575157+917010970584
ASM Enterprises,"No:72/L, Arcot Road, Vadapalani, Chennai - 600026, Raahat Plaza-Opp to Vadapalani Bus Depo",16,4.8,+9180566663369840223379
Royal Painter,"No:27, A Kalyanapuram, 2nd Street, Vyasarpadi, Chennai - 600039, Near By Market",1,5.0,+919500182425
M S Painting Contractor,"No 21 7th Block Old Housing Board, Gothamedu, Saidapet, Chennai - 600015, Near Raj Theatre",1,5.0,+917092060611+919940134989
Prasanth Aluminium & Wood Work,"No 19, Alagiripuram 2nd Street, Kodambakkam, Chennai - 600024, Near Ponmani Maligai",0,,+919941576038+917401619317
Aishwarya Interiors Chennai,"No 6, Canal Bank Road, Mylapore, Chennai - 600004, Near SAI Baba Temple",7,4.1,04445491374+919551291379+919551291374
Gigi Painting Contractors,"275, Purasaiwakkam High Road, Kellys, Chennai - 600010",0,,04426421264
Metalmax Trading Zone,"No.14, Kesava Mudhali Street, Tondiarpet, Chennai - 600081, Opp Agasthiya Theatre",4,4.4,04425961983+919962166609+919444001983+918939729029
Mars Construction,"No 17, Kodikaatha Kumaran Street Mgr Nagar, K K Nagar, Chennai - 600078, Near Data Udipi Hotel",7,4.1,+919152178518
Kumaran Painting Contractor,"No.17B, Aathikesavaperumal Koil Street, West Mambalam, Chennai - 600033",0,,
M R K Painting Work,"No 36c, Mandapa Road, Kotturpuram, Chennai - 600085",3,4.5,+919152211789
Shree Interiors,"7/18, V.v. Koil Street, Gandhi Nagar, Ekkattuthangal, Guindy, Chennai - 600032, Near Hilton",3,4.8,+919791018402+919176279318
Velfur Associates,"No 1696/2 H Block, 5th Street, Anna Nagar, Chennai - 600040, Near Santhosh Super Market",10,4.6,+919152895933
Ad Constructon,"4/7, Gandhi Nagar, Ambal Nagar Main Road, Ekkaduthangal, Chennai - 600032, Near Padaveddamman Koil",1,5.0,+919003298076+918056253209
Sai Kumaran Enterpriess,"No, 4/270, E186, Kalainger Nagar, Medavakkam, Chennai - 600100, Near Vellakal Mosque",1,5.0,+919152602999
Chennai Housekeeping,"No 8/7, Vanniyar Mettu Street, Iyyappanthangal, Chennai - 600056, Near Bus Depot",32,4.5,+919152191472
Hebron Electrical Works,"No 31/27, North Park Street Venkatapuram, Ambattur, Chennai - 600053, Near ICICI Bank",6,4.0,+919152192125
Wall Shine Decors,"No 4/3, Kabilar Street, Ambal Nagar-Ekkaduthangal, Chennai - 600032, Opposite Hyundai Car Show Room",1,4.0,+917358231233
Inbaraj R A,"No 132, Ayanavaram, Chennai - 600023, T V Nagar Behind Esi Hospital",0,,+919941784049
R K Constructions,"#15, Srinivasa Perumal Sannadhi Street, Royapettah, Chennai - 600014, Opposite To Royapettah Govt Hospital",10,3.4,+919841661566
Balasubramaniam Civil Contractor,"No 18/3, Ramarao Garden 3rd Street, Royapettah, Chennai - 600014, Near Gill Adarsh School",3,3.8,+919152178780
Jj Decorators,"3, Owlia Street 7th Lane, Mount Road, Chennai - 600002, Behind Devi Theater,",0,,+917299672288+917708308264
Excellent Paintng Works,"N0 422, 2nd Avenue, Anna Nagar, Chennai - 600040, Near By Anna Adharsh College",2,3.5,+919152757857
Moorthy,"Egmore, Chennai - 600008",0,,+919840895329
Om Annai Painting Works,"No 33/66, Saidai Duraisamy Nagar, Kotturpuram, Chennai - 600085, Near Anna Library",2,4.8,+919152804796
Govardhan Electrical And Plumbing Works,"No 28, Murugappa street, Triplicane, Chennai - 600005, near by ice house police startion",1,5.0,+919710726646
Shree Gurudev Gypsum And Interiors,"No-125, Poonamallee High Road, Maduravoyal, Chennai - 600095, Near Muthoot Finance",1,4.5,+919152295965
M S Constructions,"59/51, e pethaniaa nagar 5th street, Valasaravakkam, Chennai - 600087, nearby ann hospital; akshya bhavan hotel nearby",1,5.0,+917397398788+919444013609+919444063071
Maneeshwer Enterprises,"No 50/2, Vaniyamathi Street, Mandaveli, Chennai - 600028, Near Mandaveli bus stand",2,4.8,+919840787974
Teamwork Solution And Painting Contractor,"No 854, 27th Cross Street Tp Chatram, Shenoy Nagar, Chennai - 600030, Opposite Pachaiappas College",0,,+919884498614+919962737190
Ravi Plumbers,"No 122, Bs Moorthy Nagar, Ambedkar College Road, Pulianthope, Chennai - 600012, Perambur Barracks Road",2,3.3,+919152952298
The Studio Verve,"#6, Lakshmi Street, New Avadi Road, Kilpauk, Chennai - 600010, Firtness 1 begining of the lakshmi street",1,5.0,04442857829+919176545219
Sastha Care Homes,"8/85, othavadai street, west saidapet, Saidapet, Chennai - 600015, near kadumpadi amman temple,",1,4.5,+918056305577+919962951924
Happizo,"No.10, 2nd Lane, Shastri Nagar, Adyar, Chennai - 600020",2,3.5,+919152442851
Dass Painting Contractor,"No 318, Nungabakam High Road Garden City Apartment, Nungambakkam, Chennai - 600034, Opp to Rbl Bank",0,,+919080477167+919600763488
JP Build Care,"no 54/13, vijayaraga puram 3rd street, Saligramam, Chennai - 600093, back side to big bazar",3,4.8,+919677253418+918012855873
Sri Sakthi Interiors,"No 46, Medavakkam Main Road, Madipakkam, Chennai - 600091, near kumaran theatre",3,3.7,+9198411802548668048422
Murugeshwaran,"no 3 ameerjohn street, Choolaimedu, Chennai - 600094, near high road",0,,04424726544+919444112644
ismail foundations,Chennai,0,,+917358427737
Anand Painting Works,"No : 5/2, Gulab Abbas Ali Khan 7th Street, Thousand Lights, Chennai - 600006, Near Model Cross Street",2,4.0,+919551761414+919710279176
Ssathyasai Construction,"49, New Colony, 12th Main Road, Anna Nagar, Chennai - 600040, Shanthi Colony",2,4.3,+919381804200
Velayutham Painting And Housekeeping Services,"No 146, Giriappa Road, T Nagar, Chennai - 600017, Opposite Bharathiraja Hospital, Near Amman Kovil",0,,+919994486703
Heven Associates,"No 20, Vimala Enclave, 2nd Floor, 7th Street, Raghupathi Nagar-Nanganallur, Chennai - 600061, Near Yelooor Amman Temple",22,4.3,+919152404689
Vijay Hardware Mart,"No 77, Porur, Chennai - 600116, Pariyar Park",1,4.0,+919962508889
ASD Painters,"No 46/49, Durgai Amman Kovil Street Mgr Nagar, K K Nagar, Chennai - 600078, Near Data Udupi Hotel",4,5.0,+919176863686+919043235363+919551172241
Brush Magic,"No 4, Periyar Pathai, Choolaimedu, Chennai - 600094, Near Fish Market",3,5.0,+919841540666+918124377788
Passion Creators,"Old No 2c New No 14, Neiniammall Street, Krishanapuram, Ambattur, Chennai - 600053",8,4.1,+919152724022
Urbanclap.com (Branch Office),"Flat No 2 C Sagar Amar Court, G N Chetty Road, T Nagar, Chennai - 600017",13,3.7,
Sai Narayana Constructions,"No 41/3 Sairam Flat, Thilagar Avenue 5th Cross Street, Madipakkam, Chennai - 600091, Near Kumaran Theater",1,5.0,+919152823199
Janani Decorators,"Old No 15, New No 4, Ulagaappa Street, Chindatripet, Chennai - 600002, Near Jain Guru Temple",0,,+919840489667+919003265568
KSK Sabeson,"No 4 / 20, 1st Cross Street Royala Nagar, Ramapuram, Chennai - 600089, Near Arasamaram,",1,4.0,+919152194601
Selva Kumaran Bulider,"No.1, M.H.colony, Choolaimedu, Chennai - 600094, opp bata showroom",0,,+919841220093
Ilamathy Constructions,"10, Muthumariyamman Koil Street, Greames Road, Chennai - 600006, Near Magesh Garden",1,5.0,+919152385490
JCS Constructions,"No.131/1, Kutchery Road, Mylapore, Chennai - 600004, Police Station",5,4.7,04442021847+919840912233+919884343512
Kevin Enterprises,"No-50, AKR Nagar, Eri scheme, Mogappair East, Chennai - 600037, Near-banyan",2,3.5,+919152925194
Nirmal Paints,"No 28/71/73, Patel Road, Perambur, Chennai - 600011, Opposite to Srinivas Priya Hospital",0,,04426625726+919940277616
Princy Agengy,"No 1, Srinivasa street, Chetpet, Chennai - 600031, opp shoppers stop",0,,+919940482825+919791747057
Bpn Construction And Interiors,"Vels Nest Apartment 1st Floor No 4a&4b Flot No F4, Guberan Nagar Extension 5th Street, Madipakkam, Chennai - 600091, Ss Super Market",32,4.8,
Azhagar Painting,"no.12, MGR street, Tharamani, Chennai - 600113, anjineyar kovil back side",1,5.0,+919152193224
Jayam Painting Works,"54/21, 54 Th Street, K K Nagar, Chennai - 600078, Near Amman Koil",9,4.5,+919841156834+919840400534
Soundarajan,"No 11/5, Tamilan Veedhi, Choolaimedu, Chennai - 600094, Near G G Kalyana Mahal",0,,+919384712269+919003129174
Damodaran Painting Contracts,"1, rani anna nagar, navalar street, Arumbakkam, Chennai - 600106, mmda water tank backside",0,,+918056131856+919884065340
Sri Soundara Vinayagar,"No 3/2, Balu Street, Mambalam High Road, T Nagar, Chennai - 600017, Near Kodambakkam Railway Station",0,,+919840340134
JAL AJAY Painting Contractor,"No 3/1118, Gandhi Nagar 10th Street, Kovilambakkam, Chennai - 600129, Opposite School, Gandhi Nagar",6,3.4,+919514523428+919677064559+919677024181
Dinesh Interior,"Plot No 73, 1st Floor, 6th Street, Saraswathi Nagar, Adambakkam, Chennai - 600088, Near AGS COLONY Bus Stop,",10,4.9,+919152829943
Global Walls,"No 25, Moorthy St Ambedkar Nagar, Thirumullaivoyal, Chennai - 600062, Near Mangalam Marrigae Hall Or Vengateshwara School Nxt Street",15,4.7,+919789031071+918015390310
Nagamuthu,"no 39 kabilar street, m g r nagar, K K Nagar, Chennai - 600002, tata udupi hotel",1,4.0,+919841494867
S.s Colour Tones,"No 2/1, Ambethkar Nagar, Gothandam Salai, Nandambakkam, Kunrathur, chennai - 600069",4,4.9,+919710277434+918939649465
Om Sakthi Electricals & Hardwares,"No.40, SBI Colony Main, Mgr Road, Nanganallur, Chennai - 600061, Opp Syndicate Bank",7,4.4,+919152171856
Honey Painting Works And Contractors,"149, Kunoor High Road, Ayanavaram, Chennai - 600023, Ayanavaram Bus Deppo",0,,+919551199117+919840033562+919003287060
Chennai Painters,"No 39, 4th Street Bharathi Eswarar Colony, Kodambakkam, Chennai - 600024, Near EB Office",59,4.0,+919551551999+919094276816
Sree Painting Service,"ASHOK NAGAR MAIN ROAD, Kodambakkam, Chennai - 600024, Kodambakkam Power House Bus Stop",0,,+917418380495
Jaya Enterprises,"No 10, Muthumariamman Koil Street, Greems Road, Thousand Lights, Chennai - 600006, Near Apollo Hospital",3,2.3,+919677157690
H A Fabrication,"No 25, Perumal Street, Mount Road, Chennai - 600002, Near To Hikkim Badams",0,,+919840408093+919952094793
Kumar paints,"201/155 kamarajapuram, Nungambakkam, Chennai - 600034",0,,+919962471372
HRC Projects And Services,"No.139, 3rd Main Road, Senthil Nagar, Kolathur, Chennai - 600099",2,3.5,+919152898153
Anbey Sivam,"No 112 Rani Anna Nagar, Halls Road, Kilpauk, Chennai - 600010, Near Balavihar",0,,+917904619194+919710366559
A R Wall Designers,"No 6 B, Vedhagiri Maistry Street, Chindatripet, Chennai - 600002",0,,+919500054156
Intext Colours,"New No 46 Old No 40 sri Parthas Apartments, Singarachari Street, Triplicane, Chennai - 600005, Opposite Ragavendra Kalyana Mandapam",6,4.9,04428445195+919962736635
Ramarao House Painting,"7/28, JAMEES SECOND CROSS, Poonamallee, Chennai - 600056, OPP TO GOVT RATION SHOP",0,,+919566112103
Rajalakshmi Painting Contractors,"No 20/1, 3rd St Krishnadass St, Perambur, Chennai - 600011, Mangalapuram",3,5.0,+919994262722
Appu Smart Paint,"No 10/23, Rangoon Street, Thousand Lights, Chennai - 600006, Near British Council",0,,+918778928825+919790807032
Balaji Enterprises,"no ; 6/17, Rama samy garden, Adyar, Chennai - 600020, near sankara school, ponniamman kovil",2,4.5,+917299333999+919941117177+919080573115
Af Builders,"no:34, Narasimareddy Nagar 3 Road Street, Kodungaiyur, Chennai - 600118, opposite to gandhi selai",0,,+919941986334
Om Shanthi Painting Contractor,"27/1, Nagathanamman Kovil 2nd Street Abiramipuram Vairamkulamthangal, Ambattur, Chennai - 600053, Opposite Amma Hotel",2,4.8,+919940625828+919080224125
R3 Associates,"No 25, Voc Street, Anna Nagar, Chennai - 600040",1,4.5,+919842499936
Raghavendra Home Service,Chennai,0,,+918056043564
World Texture,"372, 3rd Avenue, Nsk Nagar, 20th Street, Arumbakkam, chennai - 600106, Near to Anna Arch",6,4.1,+919152838880
Asia Constructions,"No 4/440, 3rd Street, S Kolathur, Chennai - 600129, Indrapuri",1,4.0,+919152161578
Rajakumar R,"No 1/16, 2nd Kuruku Theru, Choolaimedu, Chennai - 600094, Near HP Gas Godown, NGO Colony",0,,+919551210778
Dream Interior Work,"No 18/33, Perumal Koil Garden Main Street, Sowcarpet, Chennai - 600001, Near Saraswathi Amman Nursury School",4,4.6,+919152225151
Woodies Constructions,"No 8 & 9, PBS Anbalayam Vanasakthi Nagar 4th Extension Murugan Koil Street Kolathur, Kolathur, Chennai - 600099, Near Murugan Temple",1,5.0,+917358215875
BPN Interiors,"Flat No F4 Vels Nest Apartment 1st Floor No 4A & 4B, 5th Street, Madipakkam, Chennai - 600091, Guberan Nagar Extension",2,5.0,+919152172961
Acro Interior Decorator,"No 3/5, M V Batharn Street, Park Town, Chennai - 600003, Near By Kurinji Hote",2,4.3,+919003559934+918248343537
JK Constructions,"No 52, 7th Crooss Street, Shenoy Nagar, Chennai - 600030, Thiruvika Park",3,3.7,04426214942+919840787820+919003016090
Jaico Electricals,"No 4 Mogambigai Complex, Lady Desika Charry Road, Shop No 20 1 St Floor, Mylapore, Chennai - 600004, Back Side Kavery Hospital",2,3.5,+919152804525
Radhika Painting Art,"No 15/8 7th Street, Rangarajapuram Main Road, Kodambakkam, Chennai - 600024, Near Power House",0,,+919962517295
Swetha Painting Contractors,"No 6/127, Choolaimedu High Road, Choolaimedu, Chennai - 600094, Behind Meenakshi College, Subedar Garden",0,,+919941533717+917358091470
Dhanalakshmi Timber Depot,"Tambaram West, Chennai - 600045",1,5.0,04422386905
Green Cloth Acp Work,"No 11, C D N Nagar 14th Street, Nerkundram-Koyambedu, Chennai - 600107, Opposite Maduravoyal Mgr College",2,3.5,+919152332025
Asian Paints Home Solutions,"New No 36, Old No 35, 1st Floor, Station Border Road, Kodambakkam, Chennai - 600024, Near Kodambakkam Railway Station",478,3.9,044421385840444218207018002095678
Om Sakthi Constructions,"No : M13/11, Navabarath Colony, Besant Nagar, Chennai - 600090, Near By Church Road",2,3.5,+919152601604
Sakthi Painting Contractors,"No 4/274, 4th Streetreet, Muthumariamman Koil Street, Anna Salai, Palavakkam, chennai - 600041, Palavakkam Beach",1,5.0,+919152457420
Madhan Tile Works,"No 983, 25 Street, Thandavaraya Chatram-Shenoy Nagar, Chennai - 600030, Oppt Pachayappas College",2,2.3,+919444846192+918668187726
N K Construction (Not Intrested),"No 13/5, Adyar Bridge Road, Adyar, Chennai - 600020, Opposite Malar Hospital",1,5.0,+919003230822+919884193123
paintpro.in,"T Nagar, Chennai - 600017",0,,+919930860969
Sri Balaji Ceramic,"70/85, K.R Koil Street, West Mambalam, Chennai - 600033, Near Srinivasa Theater",5,4.4,+919152692229
Sabeer Ansaria,"150, pursavakam high road, Kellys, Chennai - 600010, near by uninon bank,mercury hardware shop",0,,+919884223257
Kumaraguru Interior Designer,"No:50, Navalar High Road, Devaraj Nagar, Saligramam, Chennai - 600093, Near Dasarathpuram Bus Terminus",1,4.0,+919152332423
G J Krishnaa Carpenter,"No. 81 / 56, Kuttyappan Gramani Street, Pumping Station Lane, Chennai - 600010",0,,
King Judah,"No Q9, Mmda Colony Maraimalai Adigal Street, Arumbakkam, Chennai - 600106, Near Water Tank",5,4.3,+919152175631
Manigandan Builders,"No 43/4, Bazar Street, K K Nagar West, Chennai - 600078, Opposite to Ambal Medical",4,5.0,+919444114637
Modeling Painting Contractors,"No 5/12, Ponnuswamy Naciker Street, Ramapuram, Chennai - 600089, Opposite to Srm College",22,4.2,+919152191663
Om Sakthi Electricals & Hardwares,"No : 40 SBI Main Colony, MGR Road, Nanganallur, Chennai - 600061, Oppostive Syndicate Bank & Velan Theatre,",7,4.4,+919152453631
Max Home Services Pvt Ltd,"No 150 H-1 Block, Pilliyar Koil Street, Jafferkhanpet, Chennai - 600083, Nutech Indra",2,3.5,+918940590555
Az All Your Needs,"No.2333, E Block, Ellai Amman Koil Street, West Mambalam, Chennai - 600033, Near By Srinivasa Thetare",0,,+919840881007+919600101229+919566192533
Beauty Colors,"18 D BLOCK RV NAGAR, 69TH STREET, Jafferkhanpet, Chennai - 600083, JAFFARKANPET METRO WATER OFFICE",2,5.0,+919710461629+919092823899
Dreams Colors,"No 23, 1st Street Indira Gandhi Nagar, Vyasarpadi, Chennai - 600039, Near Bharathi Store, Indira Gandhi Nagar",5,4.9,+919840413871+919840319606
Kumaran,"no.72, avvai puram, Shenoy Nagar, Chennai - 600030, pachaippas back",0,,+919952919197
DSR Hardware Centre,"No .41, Medavakkam Main Road, Madipakkam, Chennai - 600091, Near Kumaran Theatre",8,4.1,0444217726304422247263+919884132000
Winmax Creative Solution,"No 24, LAL Bagadhur Sastri Street, Tambaram East, Chennai - 600059, Anandhapuram Near S O S Childerns Village",0,,+919884316677
Venkatesan Painting Works,Chennai,0,,+917358551668
Painters Park,"No 57, 2nd Street Nehtaji Nagar, Chrompet, Chennai - 600044, Near By Govt School",4,3.6,+919152185844
Shalom Painting Contractor,"No 2, Mgr Salai 5th Cross Street Saligaram, Vadapalani, Chennai - 600026, Near Vishnu Avenue",5,3.6,+919152924805
RAMESH,"No 2/20 Giriappa Road, Giriappa Road, T Nagar, Chennai - 600017, Near Cloudline Hospital",0,,+919789825839+919655768459
Real Painting Contractor,"no 23, Anna nedumbathai, Choolaimedu, Chennai - 600094",0,,+919566010105
Jak Enterprises (India) Pvt Ltd,"No 11, Drivers Street, Pudupet, Chennai - 600002, Near Egmore Eye Hospital",1,5.0,04428415740+919003100900+919003100900
AAA Construction,"No 9/300 Avenue 2, Nagalakshmi Nagar, Sithalapakkam, Chennai - 600129, Near Aarasakani Bus Stop",5,4.1,+919152649624
Supreme And Polymers And Chemicals,"No 67, Pillar Kovil Street Golden Charge Nagar, Mogappair, Chennai - 600037, Near Thai Moogambagi Dental College",1,5.0,+919445048417+919940250222
Smp Residential Services,"No.62/106, Chamiers Road, Alwarpet, Chennai - 600018, Near Moopanar Palam",2,3.5,+919152927077
Kanitha Constructions,"1/61, Pillayar Koil Street, Pazhanthandalam, Chennai - 600044, Nearby Pazhanthandalam Bus Stop",1,5.0,+919790888621+918946057852
Shakthi Enterprises,"No 2, 15th Street, Nanganallur, Chennai - 600061, Nehru Colony Near Independence Park",3,3.0,+919790906505
Inzen Co,"Branson Garden Street, Kilpauk, Chennai - 600010, Near Sindhi Model School",10,4.7,+919152798515
N D Arasu Painting Contractor,"No 7 1st Street, Devi Karumari Amman Nagar, Mettukuppam, Nerkundram-Koyambedu, Chennai - 600107, Near M R School",3,4.5,+918870502419+918608111007+918124349196
Albert T P,"Flat No 5 1st Floor Venkat Enclave No 28/85, Vanniar Street, Choolaimedu, Chennai - 600094, Nearby Vijayalakshmi Jewellery,",2,3.5,+919152604621
K D Services,"No 8/23, Vinobhaji Nagar 10th Street, Hasthinapuram-Chitlapakkam, Chennai - 600064, Near Hasthinapuram Bus Stop",48,3.9,+919152170796
Arunachala Group,"No 11, 8th Street Dr Radhakrishnan Slai, Mylapore, Chennai - 600004, Opposite To EV Kalyani Hospital",1,5.0,+919884080884+919884180802
Sgp Builders,"38 B, SUBASH CHANDRABOSE STREET;THIRUVALLUVAR NAGAR, Perungudi, Chennai - 600096, Nearby Tcs; Perungudi Railway Station Nearby",0,,+919500130525+919445530525
Nila Interiors Innovaters,"No:56, Voc Street-Ramapuram Road, Alwarthirunagar, Chennai - 600087, Behind Megamart",10,4.4,+919790767611+919514266888
R R Power Tools,"No 2/75, Puzhendhi Salai, 4th Street, Jj Nagar, Mogappair East, Chennai - 600037, Near By Mmm Hospital",2,3.5,+919444797077+919003187844
Corabell Creation,"#1, Mangalapuram 5th Street, Chetpet, Chennai - 600031",0,,04428366910+919884433142
D G P Foundations,"No 14 TNHB Shopping Centre, 1st Avenue, Adyar, Chennai - 600020, Shastri Nagar Opp to Telephone Exchange",2,2.8,04424466599+919840506599
Greedom Enterprises,"No 89, Tvk Nagar 10th Street, Pulianthope, Chennai - 600012, Near Perambur Barracks Road",3,4.3,+919003205810+918072868656
A To Z Painting Contracors,"No 62/45, Vallalar Street, Adambakkam, Chennai - 600088, Opposite HDFC Bank",6,3.6,+919152176390
Punitha Painting Contractor,"No 430, 14th Cross Street PV Chathram, Shenoy Nagar, Chennai - 600030, Opposite to Shoba Jewellery",0,,+919941144543
Sri Chakraa Promoters,"No-7A, Shalimar Garden 9th Street, Injambakkam, Chennai - 600115, Valmeegi Opp to VGP",1,5.0,+919152831270
Sugana Painting,"25, Parthasarathy Street, Purasawalkam, Chennai - 600084",0,,04426403519
Arvind Interior Works,"No 95, Mettu Street, St Thomas Mount, Chennai - 600016, Near St Thomas Church",1,5.0,04432975546+919941626857
Srinivasaka Enterprises,"No 122, Rajakilpakkam, Chennai - 600073",289,4.2,+919152316586
S A Interior,"No 39/40 Block, Mullaimaran Nagar, Pattinappakkam Foreshore Estate-Raja Annamala, chennai - 600028, Near EB Office",1,5.0,+919152879832
Bcv Enterprises,"No 65, Maduranaicker Street, Maduravoyal, Chennai - 600095, Near Bharathi School",10,4.7,+919152164346
Ok Electricals,"No 69 Kamarajar Avenue, 1st Street, Adyar, Chennai - 600020, Near Nalli Silks",2,3.8,+919382674688+919025333999
MJ Construction,"No 5 Sivasubramaniaya Nagar, West Periyar Pathai Arumbakkam, Arumbakkam, Chennai - 600106, Near MMDA Signal",3,4.8,+919841757151+919080575191
Sai Bala Construction & Interiors,"No 3 G2 Flat, G2 Flat VOC Nagar, Third Main Road, Velacheri, chennai - 600042, SRM BUILDING PADMAVATHY COLONY",3,2.0,+919152802968
Krishnamoorthy,"No 41/42, Kathiravan Colony, Shenoy Nagar, Chennai - 600030, Near Thiruvika Nagar Park",0,,+918144613865+919940409808
M A Polishing,"No 19/77, Siva Shanmugapuram 1st Street, Purasawalkam, Chennai - 600084, Near Otteri Crematorium",1,5.0,+919790860942+917401325580
Sri Velan Hardwares,"No:681/381, E.V.R.Periyar road, Poonamallee High Road, Arumbakkam, Chennai - 600106, Opp to Anna Arch",0,,+919884040979+919884562088
Rajamani,"no 55/60 kamaraja colony muthuram street 1 block opp, T Nagar, Chennai - 600017, backside police qutarz",0,,+919790512461
Pioneer Interior,"5/9, Strahans Road, sums lane, Pattalam, Chennai - 600012",5,4.7,+919152187624
Chennairenovations.com,"No 217 Unitech 1st Floor, 2nd Main Road, Virugambakkam, Chennai - 600092, Natesan Nagar Near Karnataka Bank",10,4.0,04445562052+918754508754
Balaji Interio,"No:5/15 Plot No 19, 2 Nd Mangali Nagar Duraisamy Colony, Arumbakkam, Chennai - 600106",1,5.0,+918608322604+919840365666
Sky Painters,"No 178/4 1st Floor, Vaniyar Street, Choolaimedu, Chennai - 600094, Near Amma Hospital",0,,+919152820950
New Wood Tech,"No 7 A, Perumal Koil Street, Nerkundram-Koyambedu, Chennai - 600107, Near Perumal Temple",4,4.6,+919840855810+919840827770+919940427770
Crown Enterprises,"No 17/15, 0, Vyasarpadi, Chennai - 600039, Jeeva Railway Station & Perumbur",6,4.2,+919152198991
sanjay painting contractor,"Otteri, Chennai - 600012",0,,+919710476311
GKG Constructions,"No 6, 3rd Main Road Vel Nagar, Maduravoyal, Chennai - 600095, Near Bharathi Matriculation School",1,5.0,+919152954871
Sathya Painting Contractors,"No 30/36, K K Nager 10th Street, Ayanavaram, Chennai - 600023, Near k2 Police Station",3,4.8,+919790360978
Sri Vasantham Dector,"No 3/101, E Karunanidhi Street, Kollacherry, Kunrathur, Chennai - 600069, Near Maangadu",6,4.3,+919444156184
Prem Painting Works,"Perambur, Chennai - 600011",1,5.0,+919710018930
Building Alotration Work,"No.8, Vada Agaram Road, Aminjikarai, Chennai - 600030, Near to METHANAGAR BUS STOP",0,,+919003229553+919382198436
Sri Venkateswara Works,"No 5 Sri Appartments, Srinivasa Avenue, Raja Annamalai Puram, Chennai - 600028, Rajahmuthiah Higher Secondary School",3,5.0,+919952016619+918056193645
Anilkumar Painter,"No 53/3, V O C Colony Nehru Street, Anna Nagar East, Chennai - 600102, near perumal koil",0,,+919841127606
Ramachandran Carpenter,"No 45a, Subburao Nagar 1st Street, Choolaimedu, Chennai - 600094, Near By Mmda",0,,+919444760633
Eshwar Enterprises,"No.14/7, Thiruvalluvar Street, Ambal Nagar-Ekkaduthangal, Chennai - 600032, Near By Metro Station",2,3.5,+919152906812
Dharaniam Decors,"No:7, MG Chakrabani Nagar-alapakkam, Porur, Chennai - 600116, Near MGR Catering College",2,4.8,+919003238377
Jesus Interior,"No.49C, Annai Kudiyiruppu, Mgr Nagar, MGR Nagar-Nesapakkam, Chennai - 600078",2,3.8,+919152664519
Dhanalakshmi Enterprises,"No 16/ 8, Gurumoorthy Nagar, Perambur, Chennai - 600011, Near TVK Ground",1,3.5,+919094378782
S.k.s.saravanamuthu & Bror.,"Old No. 206/2, New No. 329, Aminjikarai, Chennai - 600030",31,4.0,+919444062256
Chennai Instant Service,"No 166 B Block Thanikachalam Nagar, 6th Main Road, Ponniammanmedu, Chennai - 600110, Near Kumaran Nagar Bus Stand",1,4.5,+919152693524
R M Association,"No 3/2, Mookathal Street, Purasawalkam, Chennai - 600084, Opposite Saravana Store",1,5.0,04426454123+919840593955+917299911964
G R Building Contractor,"92, 1st, Periyar Colony, CP Garden, Aminjikarai, Chennai - 600030, Ampa Skywalk",0,,+919840635061
New Colours,"No 21/8, Vanniyar 2nd St, Choolaimedu, Chennai - 600094, Opposite to Chandra Bhawan Hotel Street Last End Vanniyar Street",0,,+919841945750
Logesh Painting Works,"2/3, Gugan Street, Puliyapuram, Chennai - 600024, Kodambakkam",2,5.0,+919884101373+917299066689+917299066649
Red Copper Painters,"No : 26A/63, Dasspuram., Puliyur Puram 1st Main Road, Kodambakkam, Chennai - 600024, Near Meenakshi College",0,,+919840211204
U M Industrial Coating And Services,"No 290/86, Thambu Chetty Street, George Town, Chennai - 600001, Near Indian Bank Mannady Branch",8,4.4,04443597878+917299963786+919840859609
Surya Marketing,"42/22, Jayaram Street, Saidapet, Chennai - 600015, NEAR GSL &Co",0,,04448549655+919940649757
Gowtham Painting Solution,"No -8, 0, Mogappair West, Chennai - 600037",10,4.8,+919152213391
Home Needs,"No 3/297, Jaladianpettai MGR Salai Nesavalar Nagar, Medavakkam, Chennai - 600100, Near Padmam Matriculation School",18,4.8,+919152328506
Radhika Painting,"No: 15/8, Rangaraja Puram, 7th Street, Kodambakkam, Chennai - 600024, Near More Market",0,,+919626791585
Senthil Hardwares,"2/45, Trunk Road, Kattupakkam, Chennai - 600056, Near to Hp Petrol Bunk",0,,+919176186879
Sanjana A To Z CIVIL WORK,"No-2/516 A, 1St Street PANDIYAN Nagar, Thoraipakkam, chennai - 600097, Near Jain College",2,3.5,+919152909754
Raajameena Constructions,"No 27, balu nagar, Mogappair East, Chennai - 600037, Near Velammal Annex School, Balu Nagar",1,4.0,+919152185550
Sk Colours,"No 491, Dr Ambedkar Nagar, Anna Nagar, Chennai - 600040, New Avadi Road",3,5.0,+917401116034+919840169562
Subbulakshimi & Co,"New No :29, Old No 12/1, Ilango Saalai, Teynampet, Chennai - 600018, Near Anna Arivalaiyam Kalyanamandabam",0,,+918681088859+917200010188+917358270303
Mani Associates,"Old No 9; New No 18, Rajapunikr Street; Varadharajapet, Kodambakkam, Chennai - 600024, Backside Pf Meenakshi College",0,,+918124343227+919677072294
Nayagam Service,"22/40, sankara bakthan street, nammalwarpet, Chennai - 600083, near depo,",2,5.0,+917904570027+919840778579
Degital Designers,"12, Limek Line Street, Aminjikarai, Chennai - 600030",0,,04426602878
SS Construction,"No 2 Church Street, Gandhi Nagar, Selaiyur, Chennai - 600073, Near Bharath Eng College",1,5.0,+919152874703
AVM Core Cutting And Plumbing Contractor,"No 118, Kaveri Rangan Nagar, Hari Krishnan Street, Vadapalani, Chennai - 600026, Vijaya Hospital",1,5.0,+917845952532
HOME CRAFT Services,"82/22, Murugappa Reddy St, Venkatapuram, Ambattur, Chennai - 600053",31,4.9,+919152794126
V D Electrical And Plumbing,"No 2/374, Subrayam Nagar 3rd Street, Thoraipakkam, Chennai - 600097, Near MNM Jain College",7,4.3,+919152178794
Artistic building contractors,"29/13A, Hyber garden 4th street, Perambur Barracks, Chennai - 600012, near perambur railway station",2,4.8,+918124965477
B B Shah Optcns Clinic,"50, Sarangapani St, Toff T P Road, T Nagar, Chennai - 600017",0,,04428281985
Sri Vari Electriclas & Plumbing,"No 500/20, Rajiv Gandhi Nagar, Anna Nagar, Chennai - 600040, Near Ambedkar Statue",17,3.5,+917401144780+917667771460
Vinayaka Moorthi Hardware,"No.9, M.T.H Road, Padi, Chennai - 600050, Opp. to Maheshwari Kalyana Mandapam",0,,+918056228105+917708664264+918056228105+919444039785
Sri Interior Designs,"93 New Military Road, Kannigapuram, Avadi, Chennai - 600054, Pachiamman Kovil",6,4.4,+919152666039
Sun Colours,"No 131, Christnadass Road, 8th Street, Otteri, Chennai - 600012, New Vallaiyamma Nagar",0,,04426620405+919444177015
Anand Interiors,"No 10, Viswanathan Street, Chrompet, Chennai - 600044, Near Vaishnava College",0,,+919003192244+919789805540
Sanjay Electricals & Plumbing Works,"No 31, Vembuli Amman Koil Street, K K Nagar West, Chennai - 600078, Near Meenakshi College",1,5.0,+919152331344
Interior Jumbo,"No:14/3, Partha Sarathy Puram, T Nagar, Chennai - 600017, Kodambakkam Fly Over",23,5.0,+919152576185
M M Interiors,"No 60 /105, Ellaiamman Koil Street, West Mambalam, Chennai - 600033, Near T Nagar Bus Stop",1,3.0,+919962897606+919445645836
Sofiya Painter,"65 2nd floor maiyar road, Aminjikarai, Chennai - 600030, near anna arch",0,,+919551164507+919841530186
Gee Vee Interiors,"No.5, Brindavan Street, West Mambalam, Chennai - 600033, Opp to Duraiswamy Subway",2,3.5,+917358582635
Raj Painting And Electrical,"Kingdom Residancy G1 Plot No 79, 2nd Street Sri Perumal Nagar, Perumbakkam, Chennai - 600100, Near Vasantham Marriage Hall",2,4.8,+919152105088
VARUN Interiors,"No.35, 2nd Avenue, Ashok Nagar, Ashok Nagar, Chennai - 600083, Lakshmi Shruthi",12,3.3,+919150761700+917871243141
Quality Furniture,"No 13/14, Tamilar Street, Choolaimedu, Chennai - 600094, Padmanaban Nagar",1,3.0,+919791086281+919840229251
Jaya Enterprises,"No 10, Muthumaryamman Street, Greames Road, Chennai - 600006, Near Magesh Garden",7,4.5,+919884217067
Jeyam Paintings,"2/2, Barathi Avenue, West Canal Bank Raod, Kotturpuram, Chennai - 600085, Opp Madhya Kailash Railway Station,",1,5.0,+919003151900
Tamil Arasu Paint Decorator,"Old No 35 New No 27/1, Narayanasamy Thottam 1st Street, Raja Annamalai Puram, Chennai - 600028, Near Andhra Hospital",1,5.0,+919152191795
HIGH CARE,"NO:55, CHELAPPA STREET, Kosapet, Chennai - 600012, Near Bus Stand",1,4.0,+919884848424
MARS Painting WORKS,"no: 2/38, MOOPANAR STREET, Medavakkam, Chennai - 600100, near kumarantheatre opp",3,5.0,+919152170697
The Kovai Painting Works,"No 3 A, Cdn Nagar 9th Street, Maduravoyal, Chennai - 600095, Opposite Mgr University",81,4.8,+919152213518
N N Blessing Painters,"No.3, Dosspuram, Chetpet, Chennai - 600031, Near Ega Theatre ,Taylors Road",5,4.6,+919152882119
Home Craft Services,"82/22, Murugappa Reddy St, Ambattur, Chennai - 600053, Venkatapuram",2,3.5,+919152658674
New Quality Painting Contractors,"No.84/23, 2nd Main Road Mahalakshmi Nagar, Adambakkam, Chennai - 600088, Near Sbi Bank",2,5.0,+919152860462
A G Engineering Works,"No 68, Mudichur Road Parvathi Nagar, Old Perungalathur, Chennai - 600063, Near parvathi Nagar Bus Stop",23,3.9,+919840161955
Kannappa Painting Worksorks,"No 130, 5th Cross Street Annai Satya Nagar, Ramapuram, Chennai - 600089, Near Amman Temple",3,3.7,+919940318308
Madhumitha Interiors Work,"Flat No 9 Door No 3/12, R R Nagar, Subbiah Nagar-Iyappanthangal, chennai - 600056, Near Selvarani Kalyanam Mandabam",3,4.5,+919152197598
Manikandan Builders,"No:21, Anugraha, Kothri Nagar 1st Main Road, Ramapuram, Chennai - 600089, Near Kowshik Mini Hall",1,5.0,+919500490043+918072013603
G Saran Traders,"No : 119, Dharga Road Kamaraj Nagar, Pallavaram, Chennai - 600043, Near Syndicate Bank Atm",1,4.0,+919444900067
MM Painting Works,"27, Lockma Nagar, Medavakkam Tank Road, Kellys, Chennai - 600010, Near Asha Nivas Ladies Hostel,",2,3.5,+919884464797
Ozone Interiors,"No7 Plot 72, 7th Main Road 8th Avenue Dhandeeswaram, Velacheri, Chennai - 600042, Opposite Indian Oil Petrol Bunk",3,4.3,+919894106475+918190810474
Sundar Foundation,"No.74/2, VGP SALAI, Saidapet, Chennai - 600015, Near 5lights",33,4.5,+919940220180+918072344050
Sri Perumal Depo,"No 95, P V Vaithiyalingam Road, Old Pallavaram, Chennai - 600117, Near By Citi Union Bank",0,,04422660111+919444955422+919444010141
Cadence Engineering,"No 7 Anna Poorni Nagar, Ponniammanmedu, Chennai - 600110, Back to Rattari Rto Office",0,,+919080460748+919171816374
Ishwarya Building Painters & Wood Polish,"No 101, Bhrama Line 4th Street Brickline Road, Otteri, Chennai - 600012, Sri Balaji Hospital",0,,+919840065237
JB Construction,"No 17A LIG Colony 3rd Street, Cross Road, New Washermanpet-Tondiarpet, Chennai - 600081, Nr Appolo",0,,+919791156957+919941334568
JOY Revamp,"No14 Flat No 28 Vijay Shanthi Appartment, 3rd Floor, Bajana Koil Street, Choolaimedu, Chennai - 600094, Near Choolaimedu Police Station",3,4.8,+919841116644+919941334499
World Texture,"No 372, 20th Street, Nsk Nagar, Arumbakkam, Chennai - 600106, Near",0,,+919043139954
GMV Painters,"No 4/10 Block, 18th Main Road, Thirumullaivoyal, Chennai - 600062, Near Housing Board",74,4.7,+919152180704
Deepica Decors,"No 26, Parthasarathi Street, Pulianthope, Chennai - 600012, Near Puliyathope RTo Office",6,4.5,+919941177327+919840530062
Thangavelu Plumbing&motor Works,"No:29, Mettukuppam Main Road, Nerkundram-Koyambedu, Chennai - 600107, Near MRS School, Ground Floor Of Rani Kalyana Mandapam",2,3.0,04448524317+919444029687+919092177888
rainbow paints,"no:28 lala garden, Mambalam High Road, T Nagar, Chennai - 600017, near kodambakam railway station",0,,+919094445064+919962460424
Sri Ganapathi Painting Solution,"No 445, Poonamalle High Road, Arumbakkam, Chennai - 600106, Dg Vaishnav College Campus",1,4.0,+919152228319
C K Plumbing Works,"No 70 B Lakshmi Appt, 1st Cross Street Extension 2, Venkatesh Nagar-Virugambakkam, Chennai - 600092, Opposite Padmsarangabani School, Venkatesh Nagar",2,4.0,+919444499559
Saja Man Power,"No 20, Nadesan Salai, Old Pallavaram, Chennai - 600117, Near Christian Advent Church",0,,+919551905190
S K Builders,"No. C7 32nd Floor, Thiruvalluvar Main Road, Adambakkam, Chennai - 600088, Near By Ambatker Statue",0,,+919551287322+919003467013
Saravanan Painting Contractor,"No 11 G Block, Dr Thomas Road, T Nagar, Chennai - 600017, Opp To Grt Grand Hotel",0,,04442025095+919884665639
Sri Balaji Purasai Hardwares,"#25, Purasaiwalkam High Road, Purasawalkam, Chennai - 600084, Next to Saravana Stores, Facing Tana Street",14,3.6,0442642195104426423017+919381921951+919383231951
Varshini Asian Paints,"No 47, A Block, 27th Cross St, Shenoy Nagar, Chennai - 600030, T P Chathram",0,,+919094560454+918072535056
India Painters,"3/5, jainagar 19th street, Arumbakkam, Chennai - 600106, near jainagar park opposite to koyambedu bus terminus",2,5.0,+919003011365
V K P Painting Contractors,"No 17 B Block, Aadhi Kesava Perumal Kovil Street, West Mambalam, Chennai - 600033, Near Lakshmi Hospital",3,4.5,+919152481034
K Shaik Mohamad,"No 24 Sadasivamstreet, Purasawalkam, Chennai - 600084, Backside Madarsha",0,,+919840488334
Inscale Handyman Services,"No 22, Thanikachalam Road, T Nagar, Chennai - 600017, Opposite ICICI Bank",27,4.2,04448525234+919884576008+919884366008
JH Enterprises,"No-3/808-A, FF6, Jemi abode, Block 3, Mogappair West, Chennai - 600037, panchamugha Sivan kovil",2,5.0,+919152185660
Dann Promoters,"shop no 40 bhaiyo complex, door no 286 purasivakkam high road, Doveton, Chennai - 600007, near buhari hotel",0,,04448531570+917904223374+919500055251
Colourful Creations,"No.12, 43rd Cross Street, 6th Avenue, Ashok Nagar, Chennai - 600083",4,4.9,+919152171827
South Asian Water Proofing,"1507, 29th Cross Street, Convent Road, Shenoy Nagar, Chennai - 600030",0,,04426454494
Udayakumar Painting Contractor,"NO;156, P P GARDEN, 2ND STREET, Aminjikarai, Chennai - 600029, NEAR SKY WALK",0,,+919941024513+918428511768
Icon I7 Civil Engg,"9/119 A Wsubramaniyam Nagar, Sikarayapuram, Kunrathur, Chennai - 600069, Beside Muthukumaran College",1,4.5,+919152312474
Raj Coatings,": 24, Kabilar Street, Ambal Nagar, Ekkattuthangal, Chennai - 600001",1,5.0,04422331814
Ga Constructions,"No 5, 1st Link Road Vivekananda Nagar, Kodungaiyur, Chennai - 600118, Near St Jospeh Church",18,4.8,+919152122603
Dream Decors,"No 19/28, Sarangapani Street Nelson Manickam Road, Aminjikarai, Chennai - 600030, Opposite to Mehta Nagar Bus Stop",1,3.0,04464561154+919840111154
Annai Velankanni Home Care Service,"No 4/90, Kanniamman Kovil Street, Madipakkam, Chennai - 600091, Near Madipakkam Bus Terminus",8,4.0,+919551948272+919092499801+918939070908
Sri Vinayagar Painting And Carpentary,"No 11, 2nd Street, T Nagar, Chennai - 600017, Opposite Reliance Fresh, Parthasarathy Puram",4,2.0,+919551404077+919840231135
Sri Baba Interior And Automation,"27/2, SECOND FLOOR, VEDHACHALAM GARDEN, Mandaveli, Mandaveli, Chennai - 600028, Near Mandaveli Market",1,5.0,
